<actions>
  <action name="credito"
          jsp="entity/credito.jsp"
          caption="Crédito"
          title="Cadastro de Crédito"
          menu=""
          userlevel="1" />
  <action name="creditoCadastro"
          jsp="entity/creditocadastro.jsp"
          caption=""
          title=""
          menu=""
          userlevel="1" />
  <action name="credor"
          jsp="entity/credor.jsp"
          caption="Credor"
          title="Cadastro de Credor"
          menu=""
          userlevel="1" />
  <action name="credorCadastro"
          jsp="entity/credorcadastro.jsp"
          caption=""
          title=""
          menu=""
          userlevel="1" />
  <action name="empenho"
          jsp="entity/empenho.jsp"
          caption="Empenho"
          title="Cadastro de Empenho"
          menu="Processos"
          userlevel="1" />
  <action name="empenhoAnulacao"
          jsp="entity/empenhoanulacao.jsp"
          caption=""
          title=""
          menu=""
          userlevel="1" />
  <action name="empenhoCadastro"
          jsp="entity/empenhocadastro.jsp"
          caption=""
          title=""
          menu=""
          userlevel="1" />
  <action name="empenhohistorico"
          jsp="entity/empenhohistorico.jsp"
          caption="Empenho Histórico"
          title=""
          menu=""
          userlevel="1" />
  <action name="empenhohistoricoCadastro"
          jsp="entity/empenhohistoricocadastro.jsp"
          caption=""
          title=""
          menu=""
          userlevel="1" />
  <action name="elemento"
          jsp="entity/elemento.jsp"
          caption="Elemento"
          title="Cadastro de Elemento"
          menu=""
          userlevel="1" />
  <action name="elementoCadastro"
          jsp="entity/elementocadastro.jsp"
          caption=""
          title=""
          menu=""
          userlevel="1" />
  <action name="orgao"
          jsp="entity/orgao.jsp"
          caption="Orgão"
          title="Cadastro de Orgão"
          menu=""
          userlevel="1" />
  <action name="orgaoCadastro"
          jsp="entity/orgaocadastro.jsp"
          caption=""
          title=""
          menu=""
          userlevel="1" />
  <action name="movimento"
          jsp="entity/movimento.jsp"
          caption="Movimento"
          title="Cadastro de Movimento"
          menu=""
          userlevel="1" />
  <action name="movimentoCadastro"
          jsp="entity/movimentocadastro.jsp"
          caption=""
          title=""
          menu=""
          userlevel="1" />
  <action name="parametroCadastro"
          jsp="entity/parametrocadastro.jsp"
          caption="Parâmetros"
          title="Parâmetros"
          menu="Processos"
          userlevel="1" />
  <action name="projetoatividade"
          jsp="entity/projetoatividade.jsp"
          caption="Projeto Atividade"
          title="Cadastro de Projeto Atividade"
          menu=""
          userlevel="1" />
  <action name="projetoatividadeCadastro"
          jsp="entity/projetoatividadecadastro.jsp"
          caption=""
          title=""
          menu=""
          userlevel="1" />
  <action name="subempenho"
          jsp="entity/subempenho.jsp"
          caption="Subempenho"
          title="Cadastro de Subempenho"
          menu="Processos"
          userlevel="1" />
  <action name="subempenhoAnulacao"
          jsp="entity/subempenhoanulacao.jsp"
          caption=""
          title=""
          menu=""
          userlevel="1" />
  <action name="subempenhoCadastro"
          jsp="entity/subempenhocadastro.jsp"
          caption=""
          title=""
          menu=""
          userlevel="1" />
  <action name="subempenhohistorico"
          jsp="entity/subempenhohistorico.jsp"
          caption="Subempenho Histórico"
          title=""
          menu=""
          userlevel="1" />
  <action name="subempenhohistoricoCadastro"
          jsp="entity/subempenhohistoricocadastro.jsp"
          caption=""
          title=""
          menu=""
          userlevel="1" />
  <action name="subelemento"
          jsp="entity/subelemento.jsp"
          caption="Subelemento"
          title="Cadastro de Subelemento"
          menu=""
          userlevel="1" />
  <action name="subelementoCadastro"
          jsp="entity/subelementocadastro.jsp"
          caption=""
          title=""
          menu=""
          userlevel="1" />
  <action name="tipolicitacao"
          jsp="entity/tipolicitacao.jsp"
          caption="Tipo Licitação"
          title="Cadastro de Tipo Licitação"
          menu=""
          userlevel="1" />
  <action name="tipolicitacaoCadastro"
          jsp="entity/tipolicitacaocadastro.jsp"
          caption=""
          title=""
          menu=""
          userlevel="1" />
  <action name="unidade"
          jsp="entity/unidade.jsp"
          caption="Unidade"
          title="Cadastro de Unidade"
          menu=""
          userlevel="1" />
  <action name="unidadeCadastro"
          jsp="entity/unidadecadastro.jsp"
          caption=""
          title=""
          menu=""
          userlevel="1" />
  <action name="unidadeservico"
          jsp="entity/unidadeservico.jsp"
          caption="Unidade Serviço"
          title="Cadastro de Unidade Serviço"
          menu=""
          userlevel="1" />
  <action name="unidadeservicoCadastro"
          jsp="entity/unidadeservicocadastro.jsp"
          caption=""
          title=""
          menu=""
          userlevel="1" />
</actions>
